권순자,경상남도 동해시 반포대2가,52840,주식회사 이,기타 석유 및 화학물 가공장치 조작원,051-927-8007,heoboram@example.net,seongmin64,10.136.148.67,167.41.90.251,완벽히 설정된 실행 벤치마크,Fuchsia
박미숙,제주특별자치도 보령시 반포대685가 (현준양읍),55042,안양,사회복지사,019-267-9994,gimyeongceol@example.net,ogim,172.19.192.112,205.129.129.170,진보적인 스며든 태도,Silver
김숙자,경상남도 포천시 학동거리 (명자김이리),02775,주식회사 송,마술사 및 기타 문화/ 예술 관련 종사자,063-523-7746,minsu94@example.com,jiweonbag,10.183.41.201,4.34.127.247,공개 아키텍쳐 취약점 서비스 창구,Linen
김정남,인천광역시 구로구 반포대거리,23948,윤박박,증권 및 외환 딜러,061-566-7867,iyeongja@example.com,minjaei,172.16.138.163,67.41.91.149,완벽히 설정된 상황에 맞는 예산 관리,LightYellow
김지민,경상남도 포천시 영동대거리,59005,손고,유리제조 및 가공기 조작원,019-775-3632,ggim@example.net,minsu75,172.24.106.203,142.222.48.17,자동화된 고도 기반 정의,LawnGreen
류예진,경상북도 단양군 선릉길 (예진이동),56554,전김이,기타 의료/복지 관련 서비스 종사원,052-398-9497,eungyeongim@example.com,gangyeongho,192.168.145.137,211.95.7.86,공유 가능한 무관용 에뮬레이션,Lime
김건우,충청북도 속초시 논현가,36101,안윤류,치과 의사,02-7861-0521,hyeonjeonggim@example.com,wseo,172.27.233.191,220.8.100.58,단체 기반의 국가적 연합,Ivory
오정남,제주특별자치도 청주시 서원구 서초중앙길,52363,(유) 박,외선전공,062-251-9361,ucoe@example.net,fgim,192.168.52.21,71.139.99.176,트리플 버퍼 글로벌 코어,Orchid
이현숙,인천광역시 관악구 논현175거리,24632,김오김,치과 의사,063-398-2726,kjin@example.net,djo,192.168.72.89,189.23.229.140,품질 중심의 스며든 생산 능력,GhostWhite
이영일,전라남도 성남시 중원구 논현길 (지연문동),27467,(주) 이,광석 및 석제품 가공기 조작원,032-686-6280,seongmin85@example.org,gjang,10.110.236.132,181.192.138.134,줄어든 상황에 맞는 GUI,FireBrick
이지은,인천광역시 중구 석촌호수141가,84863,이최박,노점 및 이동 판매원,018-494-9194,gimjinu@example.org,gyeongsug69,10.158.84.132,197.1.113.90,독보적인 인간자원 데이터베이스,OrangeRed
권정자,충청남도 청주시 흥덕구 개포34로,05156,(주) 조김박,증권 및 외환 딜러,017-714-7606,seoyeongson@example.org,li,172.25.180.113,208.239.102.89,출판된 확장 서비스 창구,DarkSeaGreen
강유진,울산광역시 동대문구 잠실3가,63170,유한회사 배최임,보건의료관련 관리자,042-851-8694,hyeonjeong37@example.org,migyeong77,10.80.74.182,203.141.163.111,선택적 멀티미디어 웹 사이트,Maroon
이성호,충청북도 시흥시 선릉274거리,36198,김문,광고 및 홍보 전문가,011-681-1527,areum27@example.net,yeongsusong,192.168.116.129,70.45.148.49,설정 가능한 정적 공구,DarkSlateGray
강현준,경기도 용인시 수지구 백제고분4가 (지연박권동),86065,유한회사 홍,기타 종교관련 종사자,062-124-8142,jungsuseo@example.net,yeongsu78,192.168.173.27,102.103.224.202,반동적인 정적 프레임워크,PaleVioletRed
박정남,서울특별시 영등포구 오금335가,63433,고김김,음식서비스관련 관리자,052-230-7709,migyeong82@example.net,jihye29,10.203.133.199,140.238.108.165,수익에 중점을 둔 멀티 태스킹 성공,SlateBlue
배명자,전라북도 안양시 동안구 개포거리 (현준송읍),28349,한손최,생명과학 시험원,051-222-6451,seongjiyeong@example.net,hanyeonghyi,10.155.138.199,60.116.96.212,단체 기반의 휴대형 정책,SkyBlue
박시우,충청북도 공주시 반포대거리 (지우심이면),57026,이박,물리 및 작업 치료사,053-932-6009,eunjeonggim@example.org,dgim,192.168.205.15,219.224.9.236,동기화 5세대 접근,CadetBlue
홍정순,광주광역시 강북구 도산대39로 (예준류마을),84023,(유) 이,콘크리트공,053-274-4993,gimyeeun@example.com,mijeong39,192.168.226.204,145.6.187.244,최전방 스며든 도전,Bisque
김준영,전라남도 양구군 잠실가,70627,이허,조경원,032-666-0690,bagyunseo@example.org,hongjimin,192.168.190.40,182.137.211.167,선택적 무해한 전략,Cornsilk
하영자,전라북도 양구군 테헤란길,53504,류이이,제품 디자이너,062-198-2513,migyeong02@example.net,gimsumin,10.238.0.30,88.103.246.46,인체 공학적인 무관리 프로젝트,CornflowerBlue
김경숙,서울특별시 강서구 강남대731길 (미영권송마을),86099,김장,금속가공 기계조작원,010-0689-3035,mijeong71@example.net,xeom,10.55.132.148,190.77.24.143,완벽히 설정된 최적화된 펌웨어,LightGoldenRodYellow
권민석,울산광역시 성북구 영동대397로 (정식이면),51267,배이,영상/녹화 및 편집 기사,031-486-7216,gyeongsug29@example.org,jihyeoni,10.249.35.202,219.30.254.230,비즈니스 중점적 안정적 그래픽 인터페이스,DarkViolet
최예은,부산광역시 서구 양재천59길 (중수송면),06351,(유) 이이김,숙박/여행/오락 및 스포츠 관련 관리자,033-654-3285,jeongja56@example.net,ijihun,172.23.138.231,167.151.210.1,품질 중심의 요약 데이터베이스,NavajoWhite
김정웅,강원도 양평군 학동길 (도윤신마을),64318,박김,경영 및 진단 전문가,064-705-5216,coedoyun@example.com,seongjin00,192.168.174.228,20.205.252.204,변경 가능한 헌신적 제품,DarkMagenta
이지연,대구광역시 광진구 강남대4가,01472,이양고,임산물채취 및 기타 임업 관련 종사원,070-1336-9514,cgim@example.org,bagminjun,10.94.132.248,218.231.58.169,안정적인 분석중인 프로젝트,Orchid
문현지,울산광역시 송파구 언주4거리 (지후김동),57224,(주) 김송홍,기획 및 마케팅 사무원,043-326-5500,isanghun@example.com,namjunseo,172.24.240.116,166.203.52.143,반동적인 그리드 가능 미들웨어,DarkRed
한영식,제주특별자치도 양양군 언주60거리 (현주한정마을),81637,(유) 김,제화원,061-508-2439,ri@example.net,gimjunyeong,192.168.198.205,175.10.83.27,미래가 보장된 물류 공구,DarkOrchid
박예진,울산광역시 용산구 봉은사46길 (영순홍이면),40469,이김,의무기록사,054-735-7183,gyeongsug37@example.com,gangjunyeong,172.27.71.188,1.178.14.203,총 국가적 지식 기반,PowderBlue
배서준,경상북도 홍천군 삼성882로,41746,조김한,양식 주방장 및 조리사,062-544-7460,coebyeongceol@example.net,junhoi,10.15.186.235,191.71.80.22,최적화된 국가적 계층,OrangeRed
